study_hours,sleep_hours,revision_frequency,assignment_procrastination,study_distraction,phone_usage,social_media_hours,study_schedule,exam_preparation,planned_goals_completed,academic_confidence,study_stress,category
2,3,4,3,3,3,3,4,2,3,2,4,Needs Time Management
3,1,4,4,2,3,4,2,4,3,4,4,Last-Minute Learner
3,3,3,4,3,4,2,3,2,2,1,3,Easily Distracted
2,3,1,3,4,4,3,3,4,3,2,1,Easily Distracted
4,1,3,1,3,2,4,1,2,1,3,2,Consistent Learner
4,4,2,1,1,2,1,1,1,1,3,1,Consistent Learner
1,1,4,1,1,2,1,3,2,1,3,3,Consistent Learner
3,3,4,3,4,3,4,4,4,4,2,2,Last-Minute Learner
1,2,3,3,2,4,4,4,4,2,2,4,Easily Distracted
2,2,3,2,3,4,4,3,1,4,2,2,Easily Distracted
4,4,3,2,2,2,1,1,1,1,4,2,Consistent Learner
1,2,4,2,4,3,3,4,4,3,3,3,Last-Minute Learner
1,4,4,4,4,4,4,4,4,4,3,4,Last-Minute Learner
2,4,3,1,2,1,1,2,1,2,4,2,Consistent Learner
1,3,2,4,2,1,2,1,2,1,4,2,Consistent Learner
4,3,2,3,1,3,2,1,1,2,2,2,Consistent Learner
2,3,1,4,4,4,3,2,3,1,1,2,Needs Time Management
2,3,3,3,2,4,2,3,2,3,3,2,Needs Time Management
1,3,3,3,4,2,2,4,3,3,2,2,Needs Time Management
4,2,4,2,2,1,3,3,4,3,4,2,Needs Time Management
3,3,3,4,4,4,2,1,4,3,3,3,Easily Distracted
2,2,2,1,1,2,1,2,1,2,3,2,Consistent Learner
1,1,2,3,3,2,3,4,3,1,3,2,Needs Time Management
2,4,2,3,3,3,3,1,2,3,1,3,Needs Time Management
1,1,2,2,3,3,3,2,2,2,3,3,Needs Time Management
1,4,1,3,4,4,4,3,2,4,1,4,Easily Distracted
3,4,1,2,1,2,1,1,1,1,4,1,Consistent Learner
4,2,2,4,3,3,3,3,2,4,4,3,Needs Time Management
1,3,1,1,3,4,4,3,3,3,2,3,Easily Distracted
4,1,3,1,1,2,2,3,3,1,3,2,Consistent Learner
3,2,3,3,4,3,4,4,2,2,4,2,Easily Distracted
4,3,1,2,1,2,1,2,1,1,4,1,Consistent Learner
3,3,2,1,3,2,1,1,1,1,3,3,Consistent Learner
2,2,4,4,2,2,1,4,4,3,3,4,Last-Minute Learner
2,4,3,3,3,2,3,4,2,3,2,4,Last-Minute Learner
1,3,2,3,4,4,1,4,4,4,2,3,Last-Minute Learner
2,3,2,1,2,3,2,3,4,2,3,3,Needs Time Management
4,2,2,2,3,2,2,2,3,1,1,3,Consistent Learner
2,3,2,3,3,4,2,3,4,1,4,3,Easily Distracted
3,3,3,3,4,3,2,3,3,3,3,3,Needs Time Management
4,2,1,1,1,1,1,2,1,1,3,2,Consistent Learner
2,1,3,3,3,3,2,4,3,3,1,2,Needs Time Management
3,3,2,1,2,2,3,2,3,1,2,1,Consistent Learner
2,4,3,4,2,4,3,2,4,3,2,3,Last-Minute Learner
3,3,2,3,3,2,2,2,2,3,2,3,Needs Time Management
2,2,3,3,4,4,4,3,1,3,4,3,Easily Distracted
3,3,2,2,3,3,3,4,2,2,3,2,Needs Time Management
3,2,3,2,3,3,3,2,3,4,2,1,Needs Time Management
1,3,3,3,2,3,3,3,4,2,3,3,Needs Time Management
3,3,2,4,1,1,2,2,1,1,2,3,Consistent Learner
1,2,3,3,2,3,2,4,3,4,3,3,Last-Minute Learner
2,2,2,3,4,4,3,3,3,2,3,4,Easily Distracted
1,3,3,4,2,3,4,3,4,4,4,3,Last-Minute Learner
2,2,4,4,3,4,3,4,2,4,1,4,Last-Minute Learner
3,3,1,3,3,3,2,4,3,3,2,3,Easily Distracted
2,3,4,4,4,4,3,4,3,4,2,4,Last-Minute Learner
4,4,2,1,1,1,1,2,1,3,3,3,Consistent Learner
2,4,3,1,2,2,1,1,1,1,3,1,Consistent Learner
1,2,4,1,3,1,1,1,1,1,3,1,Consistent Learner
3,3,2,2,3,3,1,4,1,3,4,2,Needs Time Management
2,2,2,2,3,2,3,4,3,3,2,3,Needs Time Management
2,2,2,4,3,2,2,3,3,3,3,1,Needs Time Management
2,3,1,3,4,2,3,3,1,3,4,4,Last-Minute Learner
4,3,2,3,3,4,1,3,2,3,3,3,Needs Time Management
2,2,3,4,4,4,3,3,3,3,2,4,Needs Time Management
1,4,3,3,3,4,3,3,1,3,2,3,Needs Time Management
3,3,1,1,2,1,1,1,3,2,3,1,Consistent Learner
1,3,4,3,2,2,4,4,3,2,1,4,Last-Minute Learner
3,4,2,1,1,1,2,2,2,1,1,4,Consistent Learner
2,2,4,4,3,4,4,4,3,3,4,3,Last-Minute Learner
2,3,2,3,4,3,2,2,4,3,2,4,Easily Distracted
4,4,3,1,2,2,3,2,2,2,2,2,Consistent Learner
4,4,1,1,1,2,3,1,1,2,4,2,Consistent Learner
2,3,3,4,3,4,3,4,3,3,1,3,Last-Minute Learner
2,4,1,3,4,3,3,3,3,2,2,4,Easily Distracted
2,1,3,1,4,3,4,2,2,2,2,4,Easily Distracted
4,2,2,4,4,4,3,3,3,1,3,3,Easily Distracted
4,2,2,1,2,1,2,2,2,2,4,3,Consistent Learner
2,3,3,2,1,3,3,3,3,3,3,2,Needs Time Management
3,3,1,1,2,2,4,3,2,1,3,3,Consistent Learner
1,3,4,3,3,3,2,3,3,2,1,4,Last-Minute Learner
2,3,2,4,3,3,4,3,2,4,2,3,Easily Distracted
2,1,3,3,3,3,3,2,3,2,3,3,Needs Time Management
4,2,1,1,1,1,3,1,1,2,3,3,Consistent Learner
1,3,1,2,4,2,3,3,2,4,1,3,Needs Time Management
4,3,4,2,3,2,3,4,2,3,2,3,Needs Time Management
2,4,3,3,3,3,3,2,4,3,3,2,Easily Distracted
3,3,1,4,4,2,3,3,2,4,3,3,Easily Distracted
2,3,4,4,2,3,4,3,2,4,2,3,Last-Minute Learner
2,2,3,3,2,4,4,4,2,3,4,3,Needs Time Management
1,2,1,3,1,2,1,2,2,1,4,4,Consistent Learner
1,3,2,4,4,4,4,2,4,3,2,3,Easily Distracted
3,2,3,4,3,4,2,2,2,4,3,2,Easily Distracted
2,3,1,4,4,4,4,3,4,3,3,2,Easily Distracted
3,3,2,1,4,4,4,4,1,3,2,4,Easily Distracted
3,3,3,3,3,4,3,3,3,4,2,2,Needs Time Management
3,3,2,2,2,3,3,3,3,3,2,4,Needs Time Management
2,4,3,2,3,3,3,2,2,4,2,4,Needs Time Management
3,3,2,1,1,1,1,1,2,3,4,3,Consistent Learner
4,3,1,3,2,2,1,1,1,2,3,2,Consistent Learner
4,2,1,1,2,3,1,3,1,3,4,3,Consistent Learner
1,4,3,3,4,3,4,2,3,3,1,2,Easily Distracted
1,3,2,3,2,2,3,1,4,4,3,3,Needs Time Management
3,2,1,2,3,1,3,4,4,3,1,4,Needs Time Management
2,2,2,4,3,4,4,4,4,3,2,3,Last-Minute Learner
4,3,3,1,2,2,2,2,1,1,2,2,Consistent Learner
2,3,4,3,3,3,3,2,2,3,3,1,Needs Time Management
1,2,4,3,4,3,4,2,2,3,1,1,Easily Distracted
2,1,1,1,2,2,2,1,3,1,2,2,Consistent Learner
2,3,1,2,1,2,4,1,1,1,3,2,Consistent Learner
4,3,3,3,3,4,3,1,3,2,2,1,Needs Time Management
3,3,1,1,1,1,1,1,2,1,2,2,Consistent Learner
3,3,4,3,3,1,3,4,4,4,3,2,Last-Minute Learner
3,1,3,3,1,3,3,3,4,2,1,3,Last-Minute Learner
2,3,3,4,4,3,4,2,2,4,2,4,Easily Distracted
3,4,4,3,3,3,3,4,4,4,2,2,Last-Minute Learner
2,2,4,3,2,1,3,4,3,2,2,3,Last-Minute Learner
3,3,1,1,4,2,2,1,1,1,3,4,Consistent Learner
2,1,2,3,2,1,4,3,3,4,1,4,Last-Minute Learner
2,3,3,4,4,2,4,3,2,3,3,2,Needs Time Management
2,3,4,4,3,3,3,3,2,3,2,4,Last-Minute Learner
2,2,3,3,3,3,3,3,4,4,3,3,Last-Minute Learner
3,2,2,1,3,3,2,4,4,3,3,4,Needs Time Management
2,4,1,2,1,3,3,1,1,4,3,3,Consistent Learner
3,3,1,1,2,1,2,1,2,2,4,2,Consistent Learner
3,3,3,4,2,2,4,3,3,4,1,4,Needs Time Management
2,3,4,4,1,3,4,4,4,3,2,3,Last-Minute Learner
3,2,3,4,1,4,4,4,3,1,3,4,Last-Minute Learner
3,2,2,2,2,2,3,2,1,1,2,2,Consistent Learner
2,1,2,2,3,4,1,4,3,2,1,3,Needs Time Management
3,3,1,2,3,2,2,3,3,4,3,4,Needs Time Management
3,3,1,2,4,2,1,2,1,3,3,2,Consistent Learner
3,3,1,2,1,2,3,2,2,1,2,3,Consistent Learner
2,3,2,2,3,2,3,3,1,3,1,2,Needs Time Management
2,1,4,1,2,4,3,2,3,3,3,3,Last-Minute Learner
3,3,2,4,2,4,1,3,3,3,3,3,Needs Time Management
1,2,3,3,4,3,4,3,2,2,3,3,Needs Time Management
1,2,4,3,3,4,3,2,2,2,3,3,Easily Distracted
3,3,2,3,3,4,2,3,3,2,2,3,Needs Time Management
2,2,4,3,3,2,4,3,3,2,1,3,Last-Minute Learner
1,3,1,3,3,1,2,3,4,3,2,3,Last-Minute Learner
1,3,4,3,3,3,3,4,3,4,2,1,Needs Time Management
3,3,2,3,1,2,3,3,2,3,1,2,Needs Time Management
3,4,3,1,4,3,3,3,2,3,1,2,Needs Time Management
2,3,3,3,1,4,4,4,4,3,4,1,Needs Time Management
3,3,1,1,2,2,2,1,2,2,3,2,Consistent Learner
2,2,4,3,4,4,4,1,2,1,3,3,Easily Distracted
2,4,3,2,3,3,1,3,3,3,3,3,Needs Time Management
1,2,1,1,1,3,4,2,3,1,4,1,Consistent Learner
4,4,3,4,3,2,2,3,1,3,4,2,Needs Time Management
2,4,4,4,3,4,4,3,4,4,2,3,Last-Minute Learner
3,2,2,2,1,1,1,1,3,1,3,1,Consistent Learner
3,4,2,1,1,1,2,2,1,1,3,3,Consistent Learner
4,1,3,3,2,3,4,4,3,3,3,2,Needs Time Management
2,2,4,3,2,4,2,3,3,2,1,2,Last-Minute Learner
4,3,4,1,1,2,2,2,1,1,4,3,Consistent Learner
3,3,3,3,4,3,4,2,2,4,2,2,Easily Distracted
1,4,2,3,4,4,3,3,3,3,2,4,Easily Distracted
3,3,1,1,1,2,1,1,1,1,4,1,Consistent Learner
2,2,2,1,4,4,3,3,3,4,2,3,Easily Distracted
2,3,3,2,2,4,3,4,3,3,3,3,Needs Time Management
1,3,3,2,4,4,4,1,2,3,2,3,Easily Distracted
3,2,2,3,3,4,4,3,3,3,4,3,Easily Distracted
3,3,2,4,2,3,2,4,4,3,3,3,Needs Time Management
4,3,1,1,2,2,1,1,2,1,4,4,Consistent Learner
2,2,4,4,3,4,2,3,4,4,2,4,Last-Minute Learner
3,2,2,4,2,3,2,4,3,3,2,3,Needs Time Management
3,4,3,1,2,1,2,1,1,1,3,2,Consistent Learner
3,3,1,2,1,1,2,1,1,1,4,2,Consistent Learner
2,3,2,3,4,3,3,2,3,4,1,3,Easily Distracted
1,4,1,3,4,4,3,2,2,3,2,3,Easily Distracted
3,3,2,3,2,1,1,3,1,1,3,2,Consistent Learner
3,2,1,4,2,3,3,3,2,2,3,4,Needs Time Management
4,2,1,3,2,3,1,2,2,2,3,1,Consistent Learner
2,2,2,4,3,4,3,3,4,2,1,3,Easily Distracted
2,3,3,1,1,1,2,1,2,2,3,1,Consistent Learner
2,1,2,4,4,1,3,2,2,2,1,3,Easily Distracted
3,3,3,2,4,4,3,4,4,3,2,3,Needs Time Management
2,3,3,2,3,4,3,3,3,3,3,3,Last-Minute Learner
4,3,2,1,2,1,1,2,3,1,4,1,Consistent Learner
2,1,2,3,1,3,4,2,3,3,3,2,Needs Time Management
2,2,1,1,2,3,3,2,1,1,3,1,Consistent Learner
2,3,3,3,4,4,3,4,4,3,2,3,Last-Minute Learner
3,4,2,3,3,3,2,4,4,4,3,4,Last-Minute Learner
2,3,2,3,2,3,2,2,2,1,3,3,Needs Time Management
2,2,1,1,3,4,3,2,2,2,3,3,Easily Distracted
1,1,3,3,2,4,3,3,4,3,2,3,Last-Minute Learner
2,2,2,3,4,4,3,2,3,2,2,2,Easily Distracted
3,2,2,4,2,3,2,1,3,2,3,3,Needs Time Management
3,3,1,1,2,2,3,2,2,1,3,3,Consistent Learner
3,2,3,2,1,1,1,2,3,1,2,3,Consistent Learner
2,3,4,2,3,2,3,4,4,4,3,3,Last-Minute Learner
1,2,3,2,3,3,4,4,4,1,2,3,Last-Minute Learner
2,1,3,4,4,2,4,3,3,4,3,3,Easily Distracted
2,3,3,3,2,2,4,3,4,3,3,3,Needs Time Management
3,3,3,2,3,3,2,2,2,2,2,3,Needs Time Management
3,3,2,2,4,3,4,3,3,3,3,3,Easily Distracted
3,3,3,3,2,4,3,4,3,4,3,4,Last-Minute Learner
2,2,2,4,3,3,1,3,2,4,2,3,Last-Minute Learner
1,3,2,4,4,3,4,4,4,4,2,3,Easily Distracted
1,1,4,3,4,4,4,4,2,1,2,2,Easily Distracted
1,3,2,1,1,2,1,1,2,2,4,1,Consistent Learner
4,3,2,2,3,2,2,4,2,1,4,2,Consistent Learner
1,3,4,4,3,3,3,4,4,4,3,4,Last-Minute Learner
2,1,2,3,4,3,4,2,3,3,3,3,Easily Distracted
3,2,2,1,1,2,2,2,2,1,1,3,Consistent Learner
3,3,2,2,3,2,2,1,1,1,3,3,Consistent Learner
2,3,2,2,2,3,2,3,4,4,3,2,Easily Distracted
4,4,1,2,1,3,4,1,3,2,4,2,Consistent Learner
4,2,1,1,4,3,3,3,1,1,2,1,Consistent Learner
2,3,2,2,2,2,4,4,4,3,2,3,Needs Time Management
2,2,2,2,3,3,4,1,2,4,1,3,Easily Distracted
3,2,1,3,3,4,4,2,3,3,1,3,Easily Distracted
3,3,1,1,1,3,1,1,1,2,3,2,Consistent Learner
3,4,2,3,4,4,4,2,2,3,3,3,Easily Distracted
3,4,1,2,1,1,2,2,1,1,4,1,Consistent Learner
3,3,3,3,2,3,2,3,2,3,2,2,Needs Time Management
1,2,3,3,4,4,4,2,2,4,2,2,Easily Distracted
2,3,3,2,4,3,3,4,2,3,1,4,Easily Distracted
2,3,4,3,3,3,2,3,4,2,2,3,Last-Minute Learner
1,4,2,3,4,3,3,3,3,4,3,3,Easily Distracted
3,2,1,2,3,4,4,4,3,3,1,1,Easily Distracted
3,3,2,1,1,1,1,1,2,1,3,1,Consistent Learner
2,2,3,3,3,2,3,2,3,3,4,3,Needs Time Management
1,1,3,3,3,2,2,1,4,3,4,2,Needs Time Management
3,3,1,2,3,3,2,1,1,3,1,2,Consistent Learner
2,3,4,3,3,2,3,3,3,4,4,2,Last-Minute Learner
2,4,1,2,2,3,2,4,3,3,2,3,Needs Time Management
2,3,4,4,4,4,4,2,1,3,3,3,Last-Minute Learner
2,4,3,4,3,4,3,2,2,3,2,4,Easily Distracted
1,3,2,3,4,3,4,3,2,2,3,4,Easily Distracted
2,3,3,4,3,3,3,4,2,3,1,4,Needs Time Management
3,2,3,3,3,4,3,1,3,3,1,3,Easily Distracted
2,2,2,3,2,4,3,4,2,4,3,2,Needs Time Management
2,2,2,1,1,2,1,2,1,2,4,2,Consistent Learner
2,2,3,3,3,2,3,3,4,2,2,4,Easily Distracted
3,2,3,3,4,2,4,3,3,1,3,3,Needs Time Management
2,3,4,1,2,1,1,1,2,3,4,1,Consistent Learner
2,3,2,4,4,4,3,2,2,3,2,3,Easily Distracted
3,2,1,1,1,3,1,1,1,2,3,1,Consistent Learner
2,3,4,3,4,4,4,4,4,3,3,3,Last-Minute Learner
2,3,4,4,2,4,3,4,4,3,4,3,Last-Minute Learner
3,3,3,3,3,3,1,3,1,4,4,3,Last-Minute Learner
3,2,3,4,4,3,3,3,4,1,3,3,Needs Time Management
3,2,3,1,2,1,1,1,1,1,2,2,Consistent Learner
2,4,2,3,2,1,4,4,3,3,1,4,Last-Minute Learner
4,2,2,4,4,3,1,1,3,3,1,3,Needs Time Management
1,3,3,2,3,3,4,3,3,4,2,4,Last-Minute Learner
2,3,2,3,4,4,3,3,4,4,1,3,Last-Minute Learner
1,4,2,3,4,2,3,3,3,3,2,2,Last-Minute Learner
3,3,3,2,2,2,2,3,3,2,1,3,Needs Time Management
3,2,3,3,4,4,2,2,3,2,3,4,Needs Time Management
2,3,3,3,3,3,4,3,2,4,2,4,Last-Minute Learner
4,3,3,3,4,2,3,3,3,3,2,3,Needs Time Management
4,3,3,2,2,2,2,1,2,1,4,4,Consistent Learner
2,2,3,3,4,3,2,4,3,4,2,3,Easily Distracted
2,3,4,4,3,3,4,3,4,3,3,4,Last-Minute Learner
1,1,1,3,4,2,4,2,3,4,2,3,Easily Distracted
1,1,2,1,4,3,3,2,2,3,4,2,Easily Distracted
4,3,2,1,1,1,2,1,3,1,2,2,Consistent Learner
2,3,3,4,4,4,4,4,2,1,2,2,Easily Distracted
2,3,3,1,3,3,4,3,3,3,1,4,Last-Minute Learner
4,3,1,1,2,2,1,1,2,1,3,1,Consistent Learner
2,3,4,3,3,2,3,3,3,3,2,1,Needs Time Management
1,1,3,4,3,3,4,4,4,4,2,3,Last-Minute Learner
2,3,3,3,3,4,2,3,3,3,3,4,Easily Distracted
2,3,3,2,2,3,3,3,4,2,1,4,Easily Distracted
1,3,3,3,2,2,2,3,3,2,3,4,Easily Distracted
1,3,3,3,2,3,4,4,3,3,2,3,Needs Time Management
2,2,3,3,2,4,1,3,1,3,3,2,Needs Time Management
2,2,4,4,3,4,3,3,4,4,2,2,Last-Minute Learner
1,3,3,4,4,3,3,3,3,4,2,3,Last-Minute Learner
2,3,4,2,4,4,3,4,3,3,3,3,Last-Minute Learner
2,2,2,3,2,4,3,2,4,4,3,3,Last-Minute Learner
2,3,3,2,3,4,2,3,2,2,3,3,Needs Time Management
1,4,3,3,3,2,3,3,3,3,2,4,Needs Time Management
1,4,4,2,4,2,3,3,3,4,3,3,Easily Distracted
3,4,1,4,2,4,3,2,3,3,2,2,Easily Distracted
2,4,2,2,3,2,4,3,3,3,3,3,Easily Distracted
3,3,3,3,3,4,3,3,2,3,3,2,Easily Distracted
1,3,4,4,2,4,2,3,3,3,2,3,Last-Minute Learner
1,2,3,3,2,4,2,3,1,2,3,3,Needs Time Management
3,3,4,1,1,1,2,3,3,1,4,4,Needs Time Management
3,2,1,1,1,2,1,1,4,2,4,1,Consistent Learner
2,3,1,1,4,4,3,3,3,1,2,2,Easily Distracted
2,4,2,2,1,1,1,1,1,2,4,2,Consistent Learner
2,4,1,3,2,3,4,2,4,4,2,3,Needs Time Management
2,4,2,4,2,3,2,3,3,4,4,1,Needs Time Management
3,2,2,3,3,3,4,2,3,3,2,2,Needs Time Management
3,4,4,4,3,3,4,3,3,3,3,3,Easily Distracted
2,3,2,1,1,2,1,1,2,1,3,2,Consistent Learner
3,4,2,2,1,1,1,1,2,1,3,1,Consistent Learner
2,2,4,2,3,4,2,3,2,4,3,3,Last-Minute Learner
2,3,2,1,4,3,4,3,3,3,3,4,Needs Time Management
3,2,1,1,1,1,2,2,1,2,2,1,Consistent Learner
2,3,2,3,3,4,1,3,3,3,4,1,Needs Time Management
1,4,2,3,4,4,4,4,3,3,3,1,Easily Distracted
2,4,1,1,1,3,2,2,1,2,4,2,Consistent Learner
2,2,4,3,4,3,4,3,3,4,2,2,Easily Distracted
3,3,2,1,1,1,1,2,2,1,3,1,Consistent Learner
2,4,3,1,2,3,3,1,3,1,3,1,Consistent Learner
2,2,2,3,3,4,2,4,4,3,2,3,Needs Time Management
4,3,2,3,3,3,2,3,3,4,2,4,Needs Time Management
2,3,3,4,4,3,4,2,3,3,3,3,Easily Distracted
3,2,1,4,4,4,3,2,4,3,2,3,Easily Distracted
2,3,3,4,4,4,2,4,4,4,2,4,Last-Minute Learner
3,2,2,4,1,4,3,3,2,2,4,2,Needs Time Management
3,2,2,1,3,4,2,3,2,3,3,4,Needs Time Management
2,3,1,4,3,2,4,3,3,3,3,2,Easily Distracted
3,3,2,3,2,3,3,3,3,4,3,4,Needs Time Management
2,1,2,3,2,1,4,4,3,2,2,1,Needs Time Management
3,4,1,1,1,1,1,2,2,1,1,4,Consistent Learner
2,2,1,1,1,3,1,1,2,1,4,3,Consistent Learner
1,3,3,4,3,4,4,3,4,4,3,2,Last-Minute Learner
2,2,1,3,2,4,3,4,1,3,2,3,Last-Minute Learner
1,2,3,3,3,3,4,4,3,3,1,4,Easily Distracted
1,2,2,3,2,3,2,3,2,2,4,2,Needs Time Management
4,3,1,3,1,3,1,3,1,1,4,3,Consistent Learner
4,4,3,1,1,1,1,1,1,1,4,1,Consistent Learner
2,3,3,3,3,2,3,2,2,3,1,2,Needs Time Management
4,4,2,1,2,3,4,2,3,2,4,3,Needs Time Management
3,2,3,2,3,4,4,4,3,4,1,3,Easily Distracted
2,3,2,2,4,4,3,2,2,2,2,3,Easily Distracted
3,3,2,4,2,3,3,2,2,4,2,3,Needs Time Management
1,3,3,2,3,3,3,2,3,3,1,4,Last-Minute Learner
1,3,1,3,4,3,4,2,3,3,3,3,Easily Distracted
2,2,2,4,3,3,4,2,4,3,3,4,Easily Distracted
1,2,2,2,4,4,3,2,4,3,2,3,Easily Distracted
4,3,3,4,2,3,3,3,3,4,3,3,Needs Time Management
4,4,1,1,1,2,2,2,1,2,2,2,Consistent Learner
2,2,2,3,3,2,4,3,4,3,3,4,Needs Time Management
2,3,2,3,3,3,1,1,4,2,3,4,Easily Distracted
3,2,2,2,2,2,4,2,1,2,2,3,Consistent Learner
2,3,2,1,1,2,3,1,3,1,4,3,Consistent Learner
2,3,1,2,1,2,1,1,1,1,3,3,Consistent Learner
3,3,4,2,3,2,1,1,2,1,3,2,Consistent Learner
2,3,3,3,3,4,4,4,4,4,2,3,Last-Minute Learner
2,3,2,3,3,4,3,3,2,2,2,3,Easily Distracted
2,2,3,3,4,4,3,3,3,1,3,2,Needs Time Management
4,1,2,2,1,1,4,1,2,1,3,2,Consistent Learner
1,2,3,2,2,3,3,2,3,2,1,1,Needs Time Management
3,2,1,3,3,2,2,1,3,3,3,2,Needs Time Management
3,2,1,1,2,4,4,3,2,2,3,2,Consistent Learner
2,3,3,3,2,4,1,3,4,3,3,2,Needs Time Management
2,3,3,3,1,1,4,3,3,2,3,4,Needs Time Management
2,2,3,4,3,4,4,4,3,2,2,2,Easily Distracted
3,3,3,3,3,4,3,2,3,1,2,3,Easily Distracted
2,4,1,1,1,2,1,2,1,1,3,3,Consistent Learner
3,1,3,4,2,4,2,4,3,4,3,3,Needs Time Management
3,2,2,4,4,4,3,3,3,2,2,3,Easily Distracted
2,4,3,3,4,3,3,3,4,2,4,2,Needs Time Management
1,3,3,4,3,4,3,2,3,3,2,3,Last-Minute Learner
2,1,3,4,3,4,4,3,3,3,3,1,Easily Distracted
3,3,1,1,4,1,2,3,2,1,4,3,Consistent Learner
3,3,1,3,2,1,3,1,1,1,3,3,Consistent Learner
1,3,3,2,4,4,3,3,4,3,2,2,Easily Distracted
3,4,1,1,1,1,3,1,4,1,2,3,Consistent Learner
2,3,4,2,2,4,3,2,1,1,3,2,Easily Distracted
2,3,3,2,4,1,4,4,4,4,2,3,Last-Minute Learner
3,4,2,3,4,4,3,3,2,4,1,3,Easily Distracted
2,2,2,4,1,3,1,2,3,3,2,2,Needs Time Management
1,2,4,4,3,4,4,1,4,4,1,2,Easily Distracted
4,3,1,3,3,3,3,4,2,3,3,3,Needs Time Management
2,4,4,3,3,2,3,3,3,4,3,3,Needs Time Management
2,2,3,3,3,4,3,4,4,3,3,3,Last-Minute Learner
2,3,2,1,3,3,2,4,3,4,2,3,Needs Time Management
3,3,4,3,2,3,3,4,3,4,4,3,Last-Minute Learner
1,4,4,3,3,3,4,3,4,2,1,3,Last-Minute Learner
3,3,1,1,1,1,4,1,1,1,4,1,Consistent Learner
3,3,2,1,2,1,2,2,1,2,1,3,Consistent Learner
3,3,1,3,1,1,1,2,1,1,3,1,Consistent Learner
2,3,2,1,1,1,4,3,2,1,2,2,Consistent Learner
3,3,2,2,2,1,2,1,1,2,1,2,Consistent Learner
2,3,3,3,4,3,3,3,3,4,2,3,Easily Distracted
3,4,1,2,2,1,2,1,2,3,3,2,Consistent Learner
2,1,2,3,2,2,3,3,2,3,2,4,Needs Time Management
3,3,2,4,4,4,2,4,4,4,3,3,Last-Minute Learner
3,1,2,1,1,1,2,1,2,2,2,1,Consistent Learner
1,4,3,4,2,3,4,4,4,2,1,1,Last-Minute Learner
2,2,2,3,4,3,3,3,2,3,2,3,Needs Time Management
3,4,1,1,3,1,2,2,2,3,4,1,Consistent Learner
3,3,3,2,4,4,4,3,1,3,3,3,Easily Distracted
2,1,2,3,4,4,3,3,1,4,2,3,Easily Distracted
2,3,4,4,3,3,2,4,2,4,3,4,Last-Minute Learner
2,3,1,3,4,3,3,3,4,2,3,2,Easily Distracted
1,4,4,4,1,4,3,3,4,2,3,3,Last-Minute Learner
2,2,2,2,3,4,1,1,3,4,2,2,Needs Time Management
3,3,1,2,2,2,2,2,1,1,2,1,Consistent Learner
2,4,4,3,3,3,4,3,3,4,3,4,Easily Distracted
1,3,4,3,3,3,4,2,4,3,3,2,Last-Minute Learner
1,3,4,3,2,4,3,4,3,4,2,2,Last-Minute Learner
3,3,3,3,3,3,4,3,2,3,3,2,Needs Time Management
4,2,4,2,3,4,2,4,3,4,3,2,Needs Time Management
1,2,1,2,3,3,4,2,2,3,2,2,Easily Distracted
2,4,3,3,3,3,3,3,3,2,1,3,Needs Time Management
3,3,4,4,2,4,4,4,4,4,2,4,Last-Minute Learner
1,3,4,3,3,3,3,3,4,4,4,2,Last-Minute Learner
3,3,2,2,2,4,3,3,2,3,1,3,Needs Time Management
2,2,3,2,4,3,4,2,1,4,2,4,Easily Distracted
4,2,2,3,4,4,3,3,2,4,4,2,Easily Distracted
3,2,1,2,1,1,1,4,2,1,2,4,Consistent Learner
3,2,2,2,2,3,4,3,4,3,3,4,Last-Minute Learner
2,2,3,2,2,3,4,3,3,3,3,3,Needs Time Management
3,3,4,4,3,2,2,1,4,3,2,4,Last-Minute Learner
2,3,2,4,4,4,2,4,2,1,1,3,Needs Time Management
2,3,1,3,3,3,4,3,4,4,2,3,Last-Minute Learner
3,3,2,3,4,3,2,3,2,3,2,4,Needs Time Management
3,3,2,3,2,2,2,2,1,1,3,1,Consistent Learner
3,2,4,4,3,3,2,3,2,4,2,4,Last-Minute Learner
2,2,1,3,2,1,2,1,4,2,3,2,Consistent Learner
2,4,2,3,2,3,3,3,3,4,1,2,Needs Time Management
1,4,3,4,3,3,3,3,4,3,1,4,Last-Minute Learner
3,2,3,1,3,4,2,3,4,4,1,3,Last-Minute Learner
2,2,3,4,3,4,3,3,3,4,4,2,Easily Distracted
3,3,3,2,4,4,3,4,1,2,3,3,Easily Distracted
3,1,4,1,2,1,3,4,3,4,1,3,Needs Time Management
2,3,1,3,3,3,3,2,3,2,4,3,Needs Time Management
2,4,3,2,3,2,3,4,4,3,3,3,Needs Time Management
1,3,2,2,3,4,4,1,1,3,3,2,Easily Distracted
2,2,3,3,4,3,4,2,3,4,1,4,Easily Distracted
2,2,2,2,4,4,2,3,4,4,3,4,Easily Distracted
2,2,3,3,4,4,4,3,3,3,2,3,Easily Distracted
2,4,1,1,1,1,3,1,1,1,3,1,Consistent Learner
2,3,3,3,3,4,2,3,2,3,3,2,Needs Time Management
3,1,1,2,1,2,1,2,1,2,2,3,Consistent Learner
2,3,2,4,2,2,3,2,2,4,4,3,Needs Time Management
4,3,2,3,3,4,2,3,1,2,1,4,Needs Time Management
3,3,3,3,2,3,3,4,4,2,1,2,Last-Minute Learner
2,4,3,4,3,3,2,4,3,2,3,3,Needs Time Management
3,4,2,1,1,1,1,1,2,2,2,3,Consistent Learner
2,3,1,1,1,2,1,4,1,1,2,2,Consistent Learner
1,3,2,3,4,3,3,2,3,2,1,4,Easily Distracted
1,3,3,3,3,3,4,3,3,4,3,2,Easily Distracted
2,4,1,1,2,1,3,2,1,3,3,2,Consistent Learner
3,2,1,1,1,1,2,2,1,1,3,1,Consistent Learner
3,3,2,3,3,4,2,4,3,3,3,4,Easily Distracted
3,2,1,2,2,2,3,3,3,1,3,2,Consistent Learner
2,3,3,4,3,2,3,3,3,1,2,3,Last-Minute Learner
2,3,3,2,3,4,2,4,4,3,4,2,Easily Distracted
3,3,1,3,1,2,2,2,1,1,4,1,Consistent Learner
4,3,2,2,1,2,3,1,3,1,2,2,Consistent Learner
3,2,4,4,3,2,4,3,4,3,2,4,Last-Minute Learner
2,2,2,3,3,4,2,3,3,2,2,4,Needs Time Management
3,3,3,1,3,3,3,3,1,2,4,3,Needs Time Management
2,1,2,4,3,3,3,4,3,3,2,3,Last-Minute Learner
1,3,4,4,3,2,3,4,4,4,1,3,Last-Minute Learner
1,3,4,4,3,3,4,4,2,3,2,3,Last-Minute Learner
2,3,2,2,4,4,4,2,4,4,2,1,Easily Distracted
3,3,4,4,3,3,1,2,3,3,3,3,Needs Time Management
3,3,1,1,2,2,4,1,1,1,3,3,Consistent Learner
2,4,2,4,2,4,3,2,3,4,1,3,Easily Distracted
3,2,2,3,3,4,4,3,4,3,1,3,Easily Distracted
2,2,4,4,2,3,3,4,4,3,3,3,Needs Time Management
2,2,2,4,3,1,4,2,4,4,4,3,Last-Minute Learner
2,3,2,4,1,1,3,1,2,1,1,2,Consistent Learner
2,3,4,3,3,2,3,2,4,3,3,4,Needs Time Management
3,4,2,3,1,1,2,1,2,1,3,1,Consistent Learner
2,3,4,3,3,3,3,3,3,2,4,2,Needs Time Management
3,1,1,2,1,1,2,1,1,2,4,3,Consistent Learner
4,3,1,2,2,2,2,1,2,2,4,1,Consistent Learner
2,3,2,1,1,4,1,2,1,2,3,3,Consistent Learner
3,1,1,3,4,4,3,3,2,4,4,3,Easily Distracted
2,1,3,3,3,3,3,3,3,1,3,3,Easily Distracted
2,1,3,4,3,3,3,3,2,3,3,3,Easily Distracted
2,3,3,1,2,4,2,4,4,3,2,3,Last-Minute Learner
3,4,3,2,3,3,3,1,2,3,3,2,Needs Time Management
2,3,3,3,2,2,4,3,3,3,2,4,Needs Time Management
2,2,2,4,4,3,4,4,3,2,1,4,Last-Minute Learner
2,3,1,2,1,1,2,1,2,1,4,2,Consistent Learner
2,3,3,3,3,3,3,3,4,4,1,3,Last-Minute Learner
4,4,1,2,1,1,3,3,2,2,2,3,Consistent Learner
1,2,3,3,3,3,2,3,4,3,2,4,Last-Minute Learner
4,4,1,2,1,1,1,2,1,1,2,3,Consistent Learner
2,2,3,4,3,3,4,3,4,1,2,3,Last-Minute Learner
2,1,3,2,3,4,3,3,3,3,3,2,Needs Time Management
2,3,3,3,3,4,4,3,4,4,1,3,Last-Minute Learner
3,4,3,1,1,1,1,1,2,1,4,2,Consistent Learner
2,1,2,2,4,4,3,2,4,3,2,3,Easily Distracted
3,1,3,4,2,2,3,4,4,4,3,2,Last-Minute Learner
4,2,2,3,2,2,1,3,3,3,4,2,Needs Time Management
2,2,2,3,4,4,4,2,4,3,1,4,Easily Distracted
2,2,2,3,4,4,4,1,2,3,3,3,Easily Distracted
3,3,4,4,4,3,3,3,2,3,3,2,Needs Time Management
4,2,1,3,2,3,3,3,3,4,3,3,Easily Distracted
2,2,3,2,1,4,3,2,2,4,3,3,Easily Distracted
2,3,4,4,2,4,2,3,4,3,4,2,Last-Minute Learner
3,4,3,1,1,2,1,3,3,1,2,1,Consistent Learner
4,2,2,3,3,2,2,4,4,3,1,2,Needs Time Management
2,2,4,4,2,4,4,2,4,3,2,2,Last-Minute Learner
2,4,3,2,3,3,4,3,3,3,3,3,Last-Minute Learner
3,2,2,3,4,4,2,3,2,3,3,4,Needs Time Management
3,2,2,4,4,1,3,3,2,2,1,3,Easily Distracted
2,1,2,4,4,3,2,4,2,2,2,2,Needs Time Management
3,4,2,1,3,1,1,2,2,1,3,2,Consistent Learner
3,3,2,2,3,2,4,3,2,3,3,2,Needs Time Management
3,3,3,1,3,3,2,2,4,1,3,3,Needs Time Management
2,1,3,3,4,4,4,4,3,3,4,3,Easily Distracted
3,2,2,1,2,2,1,2,1,1,3,2,Consistent Learner
2,3,4,2,2,3,4,4,4,3,2,3,Last-Minute Learner
1,1,4,3,2,2,4,4,4,4,2,3,Last-Minute Learner
1,2,3,4,3,3,3,1,2,2,2,4,Easily Distracted
2,2,3,4,2,2,2,3,3,4,4,3,Needs Time Management
3,3,1,4,2,2,3,3,3,3,3,4,Needs Time Management
1,3,3,4,4,3,3,3,4,3,3,1,Last-Minute Learner
1,3,3,3,4,4,3,2,4,2,3,4,Easily Distracted
4,3,2,2,1,2,1,1,1,1,3,2,Consistent Learner
2,1,3,3,3,3,3,4,3,4,2,3,Last-Minute Learner
2,1,4,4,3,2,2,4,4,3,2,3,Last-Minute Learner
3,1,3,4,1,3,4,4,3,2,1,3,Last-Minute Learner
3,3,3,4,3,3,3,4,4,2,3,3,Easily Distracted
3,2,2,4,3,4,2,2,2,4,2,3,Easily Distracted
3,2,3,3,4,3,3,2,4,2,3,2,Needs Time Management
3,3,4,3,3,3,4,2,4,4,2,4,Last-Minute Learner
2,3,3,4,3,3,3,4,4,2,3,3,Last-Minute Learner
3,3,1,2,1,2,1,1,4,2,3,2,Consistent Learner
2,3,2,2,1,3,2,1,1,2,3,2,Consistent Learner
2,2,3,3,2,3,4,4,2,2,3,2,Needs Time Management
3,2,3,3,3,4,3,3,3,4,1,3,Last-Minute Learner
2,3,4,4,4,3,2,3,4,4,3,2,Last-Minute Learner
4,3,1,1,1,2,1,1,2,2,4,2,Consistent Learner
3,4,1,3,3,2,4,4,2,4,3,4,Easily Distracted
2,4,2,3,1,1,3,3,2,2,3,1,Needs Time Management
3,1,3,3,3,3,3,4,4,2,2,4,Last-Minute Learner
1,1,4,4,3,2,2,4,3,4,2,3,Last-Minute Learner
3,3,4,2,2,3,2,4,3,3,2,3,Last-Minute Learner
2,2,2,4,1,4,3,3,3,1,4,3,Needs Time Management
2,2,1,4,1,3,2,4,2,3,3,3,Needs Time Management
1,2,2,3,2,3,2,4,4,3,2,2,Needs Time Management
1,3,2,1,3,1,2,1,1,1,3,2,Consistent Learner
2,4,3,2,3,3,2,4,4,4,2,4,Last-Minute Learner
2,3,3,4,3,3,3,4,3,4,3,3,Last-Minute Learner
1,3,2,2,3,3,3,2,4,3,4,3,Last-Minute Learner
2,2,2,4,3,3,3,2,4,4,2,2,Last-Minute Learner
1,4,3,2,2,4,4,3,2,2,3,4,Easily Distracted
1,3,2,3,3,4,3,3,2,2,1,3,Easily Distracted
1,3,3,3,3,3,2,3,4,4,2,3,Last-Minute Learner
1,2,1,4,2,3,3,3,4,2,1,3,Last-Minute Learner
3,3,2,1,2,1,2,1,1,2,4,4,Consistent Learner
3,2,2,3,3,3,4,3,2,3,3,3,Needs Time Management
3,3,2,1,3,2,1,1,2,1,4,2,Consistent Learner
1,2,3,4,3,4,3,4,4,4,1,3,Last-Minute Learner
2,3,3,2,2,4,3,3,3,4,1,2,Easily Distracted
3,4,1,1,2,3,3,4,1,1,3,3,Consistent Learner
2,2,3,2,3,4,3,3,2,3,3,3,Easily Distracted
2,2,1,2,3,4,4,3,3,3,2,3,Easily Distracted
2,1,3,4,2,1,3,3,3,3,4,3,Needs Time Management
3,3,2,1,1,2,2,2,2,2,2,2,Consistent Learner
2,4,4,2,4,2,3,3,2,3,1,2,Easily Distracted
3,3,4,3,3,3,1,2,3,3,3,3,Needs Time Management
2,1,2,4,4,4,2,4,2,1,4,3,Easily Distracted
3,2,3,4,2,3,2,3,2,2,2,2,Needs Time Management
3,2,3,3,3,4,4,3,4,4,2,3,Last-Minute Learner
2,3,3,3,4,4,3,3,2,4,3,1,Easily Distracted
2,3,1,1,4,3,3,2,2,3,3,2,Easily Distracted
1,3,2,3,2,4,4,4,4,4,2,3,Last-Minute Learner
1,3,3,3,2,2,3,3,4,3,3,3,Needs Time Management
4,3,1,1,2,4,1,1,3,1,3,2,Consistent Learner
2,4,2,1,1,3,1,3,1,1,4,2,Consistent Learner
2,3,2,3,4,4,4,2,1,1,3,4,Easily Distracted
2,3,1,3,3,3,2,4,2,4,2,4,Easily Distracted
2,4,1,4,4,3,2,3,4,3,3,2,Easily Distracted
1,4,1,2,3,1,2,1,2,1,4,2,Consistent Learner
3,3,1,2,1,2,1,2,1,1,3,2,Consistent Learner
3,4,3,1,2,1,1,2,2,2,3,2,Consistent Learner
2,3,3,3,2,3,2,1,2,4,4,3,Needs Time Management
2,1,3,1,4,4,3,4,1,3,3,2,Easily Distracted
2,3,3,1,4,2,2,3,1,2,4,2,Needs Time Management
2,2,3,4,2,1,2,2,2,3,2,3,Needs Time Management
1,4,4,4,3,3,3,4,4,4,4,3,Last-Minute Learner
3,1,2,3,2,4,2,3,3,3,2,4,Needs Time Management
3,2,1,3,3,3,3,3,2,1,2,3,Needs Time Management
3,2,2,3,3,3,2,2,1,2,1,3,Easily Distracted
2,4,2,3,2,1,3,1,4,4,3,3,Needs Time Management
2,2,3,1,2,4,3,4,2,4,2,3,Easily Distracted
1,3,3,4,4,3,3,4,4,3,2,4,Last-Minute Learner
2,2,3,4,1,4,2,4,3,3,3,3,Last-Minute Learner
3,1,1,1,2,1,1,1,2,2,2,1,Consistent Learner
3,2,4,4,4,2,4,4,4,3,2,2,Last-Minute Learner
2,3,2,3,2,3,4,2,2,2,3,3,Needs Time Management
4,2,4,2,3,2,4,3,3,4,2,1,Needs Time Management
3,2,2,3,3,1,2,1,3,4,4,3,Needs Time Management
1,4,3,3,4,4,4,4,3,3,3,3,Last-Minute Learner
2,3,3,3,3,4,3,2,2,3,2,2,Needs Time Management
2,3,4,2,3,3,1,4,3,3,3,2,Needs Time Management
2,1,3,3,4,3,4,3,3,3,2,4,Easily Distracted
3,4,2,1,1,1,3,1,1,2,3,2,Consistent Learner
2,2,2,1,1,3,1,4,4,1,1,2,Consistent Learner
3,2,2,1,3,1,1,1,3,2,4,2,Consistent Learner
3,3,1,1,2,1,3,1,3,1,3,2,Consistent Learner
3,3,1,1,2,2,3,1,2,1,3,2,Consistent Learner
3,2,1,1,2,2,3,2,1,3,4,2,Consistent Learner
2,4,2,4,2,3,3,3,4,4,2,1,Easily Distracted
4,3,1,1,2,2,2,1,4,2,3,1,Consistent Learner
3,2,2,3,2,3,2,3,2,1,2,4,Needs Time Management
3,2,4,4,4,3,4,2,3,4,2,3,Last-Minute Learner
2,3,3,3,4,1,2,4,2,2,3,4,Needs Time Management
1,4,3,2,4,3,3,3,4,2,2,3,Easily Distracted
3,3,1,2,1,1,3,2,1,1,3,1,Consistent Learner
2,3,1,1,1,1,1,4,1,1,3,3,Consistent Learner
3,3,3,1,1,1,1,1,2,1,3,1,Consistent Learner
2,3,3,1,2,1,1,1,1,1,2,3,Consistent Learner
1,3,2,3,3,3,2,3,4,2,1,4,Needs Time Management
3,3,1,1,2,2,1,1,2,1,2,2,Consistent Learner
3,4,2,1,2,2,1,1,1,2,3,2,Consistent Learner
4,4,3,3,1,2,1,3,1,4,3,3,Consistent Learner
1,2,3,1,3,1,3,3,3,3,2,2,Needs Time Management
2,3,1,2,1,1,1,1,1,3,4,2,Consistent Learner
3,3,2,1,1,3,4,3,1,2,3,4,Needs Time Management
3,3,1,4,3,2,3,2,1,2,2,2,Needs Time Management
2,3,2,3,2,4,3,2,4,3,3,3,Easily Distracted
2,3,1,1,1,3,1,3,3,1,4,2,Consistent Learner
3,3,3,3,4,4,3,3,4,3,2,3,Easily Distracted
4,3,3,1,4,4,4,1,4,3,2,3,Easily Distracted
3,3,1,1,2,1,1,1,1,2,3,3,Consistent Learner
2,2,3,3,3,4,3,3,3,3,3,3,Last-Minute Learner
2,2,4,4,3,3,4,3,4,2,3,2,Last-Minute Learner
4,3,2,2,2,1,3,3,1,3,3,2,Consistent Learner
2,2,1,2,3,3,2,4,2,3,2,1,Needs Time Management
2,3,4,3,3,3,3,1,3,3,1,4,Last-Minute Learner
2,2,2,3,2,4,4,2,3,1,3,3,Easily Distracted
3,3,2,1,1,2,2,3,1,2,4,1,Consistent Learner
3,3,3,1,2,1,3,1,3,3,3,3,Consistent Learner
4,2,2,3,2,1,2,3,3,2,4,3,Needs Time Management
1,3,3,4,1,2,4,4,3,3,1,3,Needs Time Management
1,2,3,2,4,4,3,4,4,3,2,3,Easily Distracted
2,2,2,4,2,3,1,3,4,2,2,3,Needs Time Management
3,3,2,3,4,4,3,4,3,3,2,3,Needs Time Management
2,1,2,4,4,4,4,1,3,4,3,3,Easily Distracted
2,4,1,2,2,2,3,2,1,1,4,2,Consistent Learner
2,1,4,2,3,3,2,3,1,3,3,4,Needs Time Management
1,4,3,4,4,4,4,4,3,3,2,3,Easily Distracted
1,2,4,2,3,2,3,2,3,4,3,3,Last-Minute Learner
2,3,4,4,3,3,3,1,3,4,3,3,Needs Time Management
2,2,3,3,3,3,4,2,3,3,3,2,Needs Time Management
3,4,1,3,4,1,1,3,3,1,1,1,Consistent Learner
4,2,3,4,1,3,2,4,2,3,3,2,Needs Time Management
1,2,2,4,3,3,3,3,3,3,2,2,Needs Time Management
3,3,1,1,2,1,1,1,1,1,3,2,Consistent Learner
2,2,2,4,3,3,1,3,3,3,3,2,Needs Time Management
2,3,4,2,3,2,1,3,2,3,3,2,Needs Time Management
1,4,1,2,1,2,1,1,1,1,3,2,Consistent Learner
2,1,3,3,4,3,3,3,4,4,2,2,Needs Time Management
3,3,2,1,1,2,3,1,2,1,4,3,Consistent Learner
2,3,4,3,2,3,2,3,4,3,3,2,Needs Time Management
3,3,1,2,1,2,1,4,1,1,2,2,Consistent Learner
2,3,3,2,3,3,2,2,3,2,3,2,Last-Minute Learner
2,2,4,4,3,3,3,3,1,3,3,4,Easily Distracted
1,3,3,2,3,3,3,2,3,3,4,2,Easily Distracted
4,2,3,3,3,4,3,3,3,3,2,3,Easily Distracted
1,3,4,2,2,3,2,3,2,3,2,3,Needs Time Management
4,3,1,4,2,3,1,2,1,1,3,2,Consistent Learner
3,2,3,3,3,3,3,3,1,4,2,1,Needs Time Management
3,2,3,3,3,3,3,3,3,3,4,1,Easily Distracted
2,3,4,1,4,4,3,4,1,3,4,3,Easily Distracted
2,1,4,3,1,3,3,2,2,2,3,3,Needs Time Management
3,4,3,2,1,2,1,2,2,1,4,1,Consistent Learner
3,1,4,2,1,3,2,2,3,3,1,2,Needs Time Management
3,3,3,3,2,2,2,4,4,3,1,2,Needs Time Management
2,3,1,4,3,4,4,3,3,3,3,3,Easily Distracted
2,4,3,4,4,3,2,3,3,4,2,3,Easily Distracted
2,1,3,4,2,3,3,2,2,4,2,2,Needs Time Management
1,3,4,4,2,4,3,3,4,3,3,4,Last-Minute Learner
2,4,3,4,3,4,3,3,1,3,2,3,Easily Distracted
3,4,2,2,1,2,2,1,2,2,3,2,Consistent Learner
3,2,1,1,1,1,1,2,1,2,3,2,Consistent Learner
4,3,2,1,1,2,1,3,2,1,3,1,Consistent Learner
3,3,1,1,1,4,1,3,3,1,4,2,Consistent Learner
3,3,1,1,1,2,1,1,1,1,3,1,Consistent Learner
2,4,1,2,1,3,2,1,1,1,3,1,Consistent Learner
4,2,2,3,2,4,3,3,2,4,3,2,Needs Time Management
2,3,4,1,1,1,1,2,3,1,4,2,Consistent Learner
1,2,3,4,4,3,3,3,4,4,3,3,Last-Minute Learner
3,3,1,1,1,1,3,2,1,1,3,2,Consistent Learner
3,3,3,2,2,3,2,4,2,2,2,4,Needs Time Management
2,3,2,2,3,3,3,4,2,2,4,3,Needs Time Management
2,3,3,4,2,3,2,4,3,4,4,3,Last-Minute Learner
3,3,1,1,2,4,3,3,3,1,4,3,Consistent Learner
2,4,2,3,3,4,2,3,3,2,3,3,Needs Time Management
2,2,3,4,3,2,4,3,4,3,2,3,Last-Minute Learner
2,3,3,4,2,3,2,3,4,4,3,3,Last-Minute Learner
3,3,4,3,4,4,4,3,3,3,2,4,Last-Minute Learner
1,1,2,2,2,3,3,1,3,3,2,3,Needs Time Management
3,3,2,1,3,3,3,1,3,2,4,1,Consistent Learner
2,4,3,3,4,3,4,3,4,2,3,3,Easily Distracted
2,3,4,4,2,3,1,3,4,4,3,2,Last-Minute Learner
1,3,2,3,4,4,3,4,2,3,2,2,Easily Distracted
3,3,3,3,1,3,3,3,2,3,3,3,Easily Distracted
2,4,3,3,2,3,1,3,2,3,3,2,Needs Time Management
1,2,3,2,4,4,4,3,4,1,2,3,Easily Distracted
2,3,1,1,2,1,2,1,1,1,1,1,Consistent Learner
2,4,3,2,3,3,3,4,3,2,3,3,Needs Time Management
2,3,4,4,4,4,4,2,2,3,3,3,Needs Time Management
3,2,2,3,2,3,2,3,3,3,3,1,Needs Time Management
4,3,2,2,1,3,2,1,1,3,4,1,Consistent Learner
3,4,2,2,1,2,1,1,2,3,3,2,Consistent Learner
2,3,3,4,2,4,4,4,3,4,1,3,Easily Distracted
3,2,1,4,3,2,4,3,3,4,3,2,Needs Time Management
2,3,2,4,4,4,4,2,1,4,1,2,Easily Distracted
3,3,3,1,1,1,2,1,1,2,4,1,Consistent Learner
2,3,4,4,2,3,2,1,1,3,3,1,Needs Time Management
3,2,3,3,2,3,2,3,2,3,2,3,Needs Time Management
4,2,1,1,2,1,2,1,3,1,3,2,Consistent Learner
4,3,2,4,3,4,3,2,3,2,2,2,Needs Time Management
3,3,1,2,1,1,1,1,1,1,4,2,Consistent Learner
3,3,1,2,1,1,3,1,1,2,4,2,Consistent Learner
2,1,4,4,4,4,4,4,4,3,2,3,Last-Minute Learner
3,2,4,4,4,4,2,2,2,2,3,4,Needs Time Management
3,3,1,3,2,3,3,2,3,3,3,3,Last-Minute Learner
2,2,4,2,3,3,3,4,2,3,1,3,Needs Time Management
2,2,2,3,2,4,4,2,3,3,3,3,Easily Distracted
2,3,4,3,2,4,4,1,4,4,1,4,Easily Distracted
2,3,2,3,4,4,2,3,2,3,2,3,Easily Distracted
2,2,2,1,3,4,2,4,3,3,3,4,Needs Time Management
2,3,3,3,3,2,3,3,2,3,3,4,Needs Time Management
2,3,2,2,1,2,2,3,3,3,1,2,Needs Time Management
1,3,2,3,4,4,2,3,3,4,2,2,Last-Minute Learner
2,2,3,3,3,3,3,3,1,4,2,1,Last-Minute Learner
2,3,4,4,2,4,4,3,4,2,4,4,Last-Minute Learner
3,4,2,1,1,1,1,2,1,1,3,3,Consistent Learner
1,2,2,3,3,4,3,2,4,1,2,1,Easily Distracted
2,3,3,3,3,4,4,3,4,3,2,2,Last-Minute Learner
2,3,1,1,3,1,2,2,2,1,3,1,Consistent Learner
3,3,1,1,2,2,2,2,1,1,3,2,Consistent Learner
3,1,2,3,4,2,3,3,3,3,2,3,Easily Distracted
2,3,4,3,3,4,3,3,2,3,3,4,Easily Distracted
2,2,4,4,3,2,1,3,3,4,2,4,Last-Minute Learner
3,3,1,1,1,1,1,2,2,1,4,2,Consistent Learner
1,4,3,2,3,3,2,3,3,4,3,3,Easily Distracted
3,1,1,2,1,1,3,2,1,2,4,2,Consistent Learner
1,4,1,1,1,2,1,1,1,4,2,2,Consistent Learner
4,2,4,3,3,1,2,2,4,1,4,2,Consistent Learner
1,3,4,4,3,4,3,4,3,3,3,4,Last-Minute Learner
2,3,1,2,4,2,3,3,1,3,3,3,Easily Distracted
4,3,2,4,3,2,2,3,3,3,3,3,Needs Time Management
4,3,2,4,2,3,4,3,3,3,2,3,Needs Time Management
2,3,4,3,3,4,3,3,4,4,2,4,Last-Minute Learner
2,4,2,1,4,2,3,4,4,4,2,3,Needs Time Management
1,3,4,3,3,3,3,4,2,4,3,3,Last-Minute Learner
1,3,2,2,3,3,4,4,3,1,3,2,Needs Time Management
4,2,2,3,2,2,3,2,1,3,3,3,Needs Time Management
2,3,2,4,1,3,4,4,2,2,3,1,Needs Time Management
3,3,3,2,3,3,3,1,1,3,2,3,Needs Time Management
3,2,3,1,3,2,3,4,1,3,2,4,Easily Distracted
2,2,1,3,2,4,3,3,3,2,3,4,Needs Time Management
4,4,2,1,1,1,1,1,1,2,4,2,Consistent Learner
3,1,1,4,3,3,3,3,4,3,2,3,Last-Minute Learner
2,2,2,3,3,3,3,2,3,3,3,3,Needs Time Management
2,3,3,2,3,2,1,4,4,2,3,2,Needs Time Management
2,3,4,4,3,3,3,4,4,4,2,3,Last-Minute Learner
1,3,2,3,4,4,2,4,4,4,2,2,Easily Distracted
3,3,1,2,1,3,1,2,2,2,4,2,Consistent Learner
3,2,3,1,1,3,2,3,3,2,4,1,Last-Minute Learner
2,2,4,4,4,4,1,4,4,4,3,3,Easily Distracted
3,2,3,2,4,2,2,3,3,3,2,1,Needs Time Management
4,4,2,1,3,1,2,1,1,2,3,2,Consistent Learner
2,1,3,2,3,4,4,3,3,4,4,4,Easily Distracted
2,2,4,3,3,3,2,4,3,3,3,3,Easily Distracted
1,3,3,3,3,2,2,2,2,4,3,3,Needs Time Management
2,3,3,3,4,3,4,3,4,3,2,3,Last-Minute Learner
2,2,2,1,4,4,2,2,2,3,1,4,Easily Distracted
1,3,3,2,1,3,2,2,2,2,4,1,Consistent Learner
3,3,1,1,2,3,3,3,1,3,4,3,Needs Time Management
3,4,2,1,3,1,3,1,1,1,4,2,Consistent Learner
1,2,4,4,4,4,3,2,4,2,2,3,Easily Distracted
3,3,1,1,1,1,1,1,2,1,3,2,Consistent Learner
2,3,2,3,4,4,4,4,2,2,3,3,Easily Distracted
1,4,2,4,4,4,3,2,3,2,2,3,Easily Distracted
1,2,4,3,1,3,4,3,3,4,4,4,Last-Minute Learner
3,2,3,2,3,3,4,3,1,3,3,3,Needs Time Management
1,2,3,3,4,3,4,4,4,3,3,3,Last-Minute Learner
3,3,1,1,1,4,1,2,4,1,4,1,Consistent Learner
1,3,4,1,3,3,4,2,4,4,3,4,Last-Minute Learner
4,1,1,1,1,2,1,1,4,1,4,2,Consistent Learner
3,3,2,3,3,3,4,4,2,2,3,1,Needs Time Management
2,2,2,1,3,4,3,4,4,3,1,4,Easily Distracted
4,4,1,4,1,2,3,1,3,1,4,1,Consistent Learner
4,2,2,1,1,1,2,1,2,1,4,1,Consistent Learner
1,2,2,2,4,4,4,3,1,3,2,4,Easily Distracted
2,3,2,4,3,4,2,3,4,3,2,4,Easily Distracted
2,3,3,3,3,4,3,1,3,3,1,3,Easily Distracted
3,4,4,4,1,3,4,2,3,3,2,4,Easily Distracted
2,3,4,3,2,3,3,4,3,3,2,4,Needs Time Management
3,2,2,4,4,4,4,3,3,3,1,3,Needs Time Management
2,3,3,3,2,2,2,2,4,2,2,3,Needs Time Management
3,2,2,2,1,1,3,2,2,1,3,2,Consistent Learner
1,3,4,3,4,4,3,4,3,4,2,2,Last-Minute Learner
2,3,4,3,3,4,3,2,3,4,3,4,Easily Distracted
2,3,2,3,3,4,3,4,3,4,3,3,Needs Time Management
2,2,1,3,3,3,4,4,2,3,3,3,Needs Time Management
2,3,3,4,4,2,4,3,3,2,2,3,Last-Minute Learner
3,3,2,1,1,3,1,3,2,1,3,1,Consistent Learner
1,2,3,2,4,4,3,1,1,1,3,3,Easily Distracted
3,2,3,3,3,2,2,3,2,3,3,3,Needs Time Management
2,3,3,4,4,4,4,3,3,4,3,2,Easily Distracted
4,1,2,2,3,1,2,1,1,1,3,2,Consistent Learner
1,3,4,4,4,3,4,4,3,3,2,3,Last-Minute Learner
2,3,4,4,2,4,3,4,3,4,1,3,Last-Minute Learner
1,3,3,3,4,4,4,3,2,3,4,4,Easily Distracted
4,4,1,4,3,4,3,3,3,3,1,4,Easily Distracted
3,2,4,4,3,3,4,4,4,4,1,3,Last-Minute Learner
1,2,3,4,3,3,4,4,3,4,3,4,Easily Distracted
2,3,1,1,3,3,1,1,1,1,3,3,Consistent Learner
4,3,3,3,3,4,3,3,2,3,2,4,Easily Distracted
2,3,3,3,4,4,3,4,2,2,3,4,Easily Distracted
4,3,4,4,3,3,2,4,3,3,3,3,Needs Time Management
2,1,3,3,4,3,1,2,3,2,4,2,Easily Distracted
1,2,1,4,4,3,2,3,4,4,2,4,Last-Minute Learner
2,2,3,2,4,3,4,2,4,3,3,4,Last-Minute Learner
4,3,3,3,2,3,2,4,1,3,3,3,Needs Time Management
3,2,2,1,3,2,4,1,1,1,1,1,Consistent Learner
2,2,3,4,3,3,3,3,3,4,2,4,Last-Minute Learner
2,3,3,3,4,3,3,3,3,4,2,3,Last-Minute Learner
3,3,3,2,1,1,1,2,2,2,2,2,Consistent Learner
1,3,3,4,1,3,4,3,4,4,3,3,Last-Minute Learner
2,3,3,4,3,3,3,1,3,4,3,3,Last-Minute Learner
4,3,4,3,3,2,2,1,3,3,3,2,Needs Time Management
3,2,2,3,3,3,4,1,2,4,1,4,Easily Distracted
4,1,2,3,3,3,3,4,2,4,3,3,Needs Time Management
4,3,1,1,1,1,3,1,2,1,1,3,Consistent Learner
3,3,2,2,2,2,3,4,3,4,3,3,Needs Time Management
3,3,4,3,2,4,3,4,4,2,2,3,Last-Minute Learner
3,4,1,1,2,1,3,2,3,1,2,2,Consistent Learner
1,4,1,4,3,3,1,3,3,2,4,2,Needs Time Management
2,3,2,4,2,2,2,3,3,3,1,2,Needs Time Management
3,1,4,2,3,3,3,2,1,2,2,2,Needs Time Management
2,3,4,4,3,3,3,3,4,3,1,3,Last-Minute Learner
2,3,4,2,2,3,3,3,3,3,2,1,Needs Time Management
3,2,3,3,3,4,4,3,2,3,3,2,Needs Time Management
3,2,1,1,4,4,3,2,2,3,1,4,Easily Distracted
2,4,2,4,2,2,4,4,3,3,3,4,Needs Time Management
3,3,1,1,3,1,1,2,2,1,3,3,Consistent Learner
2,3,3,3,4,3,3,3,3,3,4,3,Needs Time Management
3,3,1,1,3,2,2,2,2,1,4,2,Consistent Learner
4,3,1,1,1,1,2,1,1,3,3,3,Consistent Learner
3,2,3,3,4,2,4,4,3,4,2,4,Needs Time Management
3,1,4,3,3,3,2,3,3,1,2,1,Needs Time Management
2,3,4,4,3,3,4,4,4,4,4,4,Last-Minute Learner
2,3,1,3,3,2,1,2,3,4,4,2,Needs Time Management
2,4,2,4,4,2,4,3,1,2,1,3,Easily Distracted
2,3,2,4,3,2,3,3,3,3,1,4,Easily Distracted
4,3,1,2,2,1,3,2,1,2,4,3,Consistent Learner
1,2,2,3,4,4,4,4,2,4,3,3,Easily Distracted
3,2,2,1,1,2,2,1,1,1,3,3,Consistent Learner
3,3,4,3,3,3,3,4,1,4,3,3,Last-Minute Learner
3,4,2,1,1,2,2,1,1,3,4,4,Consistent Learner
3,4,2,4,1,3,3,3,4,4,1,3,Needs Time Management
3,3,2,1,3,1,2,2,1,1,4,3,Consistent Learner
1,3,2,3,3,2,4,4,4,4,4,3,Last-Minute Learner
3,4,3,1,3,4,3,3,3,4,1,3,Needs Time Management
2,3,3,2,3,4,2,2,4,3,2,4,Easily Distracted
2,3,2,2,3,3,2,1,1,1,2,2,Consistent Learner
2,1,3,2,3,4,3,3,1,3,3,4,Easily Distracted
3,3,2,3,1,1,2,2,1,2,2,2,Consistent Learner
2,4,3,3,2,4,2,3,3,4,2,3,Last-Minute Learner
3,4,2,2,3,3,1,3,1,1,4,1,Consistent Learner
3,3,2,1,2,3,2,1,3,1,2,1,Consistent Learner
3,2,1,1,1,2,3,2,1,1,4,1,Consistent Learner
3,2,4,3,3,3,3,3,3,3,1,1,Needs Time Management
2,2,3,2,3,3,3,2,1,2,4,2,Easily Distracted
3,2,1,1,1,4,3,2,2,1,3,3,Consistent Learner
2,3,2,1,4,3,3,2,4,1,3,2,Easily Distracted
3,3,2,3,2,2,4,3,2,2,2,4,Needs Time Management
2,4,4,2,2,4,2,1,2,3,3,2,Needs Time Management
2,4,3,3,3,3,3,3,2,3,3,4,Needs Time Management
2,4,4,2,3,3,4,3,3,3,2,2,Needs Time Management
2,3,3,3,3,4,2,3,4,3,1,2,Easily Distracted
3,3,2,1,2,2,1,1,1,1,4,2,Consistent Learner
4,3,1,1,1,1,1,1,1,1,3,2,Consistent Learner
3,2,4,4,3,3,4,3,4,3,1,3,Last-Minute Learner
1,3,3,4,4,3,4,3,4,4,3,4,Last-Minute Learner
2,3,2,3,3,4,4,3,1,4,2,3,Needs Time Management
1,2,4,2,3,3,4,4,2,2,3,2,Needs Time Management
2,1,1,3,3,4,2,2,4,3,3,2,Easily Distracted
3,3,2,4,3,3,3,3,2,3,2,3,Needs Time Management
4,3,3,1,1,2,2,1,1,1,3,4,Consistent Learner
3,4,2,1,1,3,3,1,1,1,1,2,Consistent Learner
3,2,3,3,3,3,4,4,3,1,2,2,Easily Distracted
2,3,1,4,4,4,4,1,4,2,2,4,Easily Distracted
4,3,2,2,2,1,3,1,1,1,3,3,Consistent Learner
3,4,1,2,2,2,2,2,3,2,2,3,Consistent Learner
3,3,3,1,2,1,1,1,1,2,3,2,Consistent Learner
1,2,3,2,4,4,4,3,2,3,3,3,Easily Distracted
3,3,1,1,2,2,2,3,1,1,4,3,Consistent Learner
3,2,1,2,1,3,3,2,1,2,3,1,Consistent Learner
1,2,4,2,3,4,2,3,2,1,4,2,Easily Distracted
3,3,1,1,1,1,2,1,1,1,4,3,Consistent Learner
2,4,2,3,4,4,3,3,4,4,2,3,Easily Distracted
3,2,1,1,1,3,1,2,1,1,4,2,Consistent Learner
4,4,1,1,3,4,2,2,2,1,3,3,Consistent Learner
3,1,1,1,1,3,1,1,1,2,3,1,Consistent Learner
1,2,2,3,4,4,2,3,2,3,2,3,Easily Distracted
2,4,3,3,3,4,4,2,3,3,1,3,Last-Minute Learner
1,3,4,4,3,3,4,2,4,3,2,3,Last-Minute Learner
1,3,2,3,2,4,3,3,3,3,2,3,Needs Time Management
1,2,3,2,3,4,3,3,3,3,3,3,Easily Distracted
3,3,1,4,2,1,1,1,1,1,3,3,Consistent Learner
3,2,2,3,3,4,4,3,3,2,3,2,Needs Time Management
2,3,3,2,1,1,1,2,3,3,4,3,Last-Minute Learner
2,3,3,2,1,2,2,2,2,2,4,2,Consistent Learner
3,3,2,1,4,1,2,3,1,1,2,2,Consistent Learner
2,3,1,4,4,1,2,1,1,1,4,3,Consistent Learner
2,2,1,1,2,1,2,1,3,2,3,3,Consistent Learner
4,3,1,3,1,1,2,2,2,3,3,1,Consistent Learner
2,3,1,2,1,4,4,3,4,2,4,4,Easily Distracted
2,4,2,4,4,3,3,2,3,3,3,3,Needs Time Management
3,1,4,4,4,2,2,2,4,4,4,3,Last-Minute Learner
1,3,4,4,4,3,3,4,4,3,2,1,Last-Minute Learner
3,2,2,3,3,3,3,2,2,3,2,2,Needs Time Management
1,3,3,2,1,4,3,3,3,3,3,3,Needs Time Management
2,1,4,3,2,4,4,4,4,4,2,4,Needs Time Management
3,2,1,4,3,4,1,1,3,2,3,3,Easily Distracted
1,2,2,2,3,3,1,3,1,2,2,4,Needs Time Management
3,3,2,3,4,4,4,2,1,3,3,4,Easily Distracted
3,4,3,4,4,4,2,2,3,3,4,2,Needs Time Management
2,3,1,3,3,4,2,4,3,4,2,3,Easily Distracted
2,1,3,2,2,3,2,2,3,4,2,2,Needs Time Management
4,1,4,1,4,3,4,3,3,2,2,3,Needs Time Management
2,4,3,4,3,4,4,3,4,4,2,3,Last-Minute Learner
1,3,2,2,3,4,4,4,3,2,3,3,Easily Distracted
3,3,1,1,2,2,3,1,1,2,3,1,Consistent Learner
2,2,4,4,3,2,3,4,4,3,2,3,Last-Minute Learner
3,3,3,3,3,3,2,3,4,3,3,3,Needs Time Management
3,3,3,4,4,3,3,3,3,4,2,4,Last-Minute Learner
1,3,1,4,4,4,2,2,1,3,3,3,Easily Distracted
3,3,2,2,2,4,3,2,2,4,3,3,Needs Time Management
3,3,4,2,1,3,2,1,1,1,2,2,Consistent Learner
2,3,4,2,3,4,3,4,2,3,3,4,Needs Time Management
2,4,2,4,3,3,3,3,2,2,2,2,Needs Time Management
3,3,1,4,4,4,4,2,3,3,1,1,Easily Distracted
2,2,2,3,2,3,3,3,1,2,2,2,Needs Time Management
3,3,1,1,1,2,3,2,2,1,3,3,Consistent Learner
1,4,4,4,1,3,3,2,3,4,2,3,Last-Minute Learner
1,3,4,4,3,3,3,3,4,4,2,3,Last-Minute Learner
3,2,2,3,2,3,2,4,1,1,4,3,Needs Time Management
3,3,2,1,4,4,2,1,1,2,2,2,Consistent Learner
1,1,2,3,3,3,2,2,3,2,3,4,Needs Time Management
2,3,1,3,2,3,1,4,1,1,4,3,Consistent Learner
1,2,2,3,2,4,4,4,4,4,3,3,Last-Minute Learner
3,3,1,2,4,1,2,1,2,1,1,2,Consistent Learner
2,2,4,2,4,4,3,2,3,3,3,3,Easily Distracted
2,4,2,3,2,3,3,3,1,1,3,3,Needs Time Management
4,3,2,4,4,4,2,2,4,3,2,3,Easily Distracted
3,2,2,4,3,4,4,3,2,3,3,2,Easily Distracted
2,2,1,4,3,4,2,4,3,4,3,2,Last-Minute Learner
4,2,2,4,3,4,1,1,1,1,4,1,Consistent Learner
3,3,1,2,1,3,1,2,1,1,4,3,Consistent Learner
3,3,1,1,2,2,1,1,2,1,3,1,Consistent Learner
2,2,4,3,3,4,2,3,3,3,4,4,Last-Minute Learner
1,3,3,4,3,3,3,3,4,3,3,3,Last-Minute Learner
4,2,3,4,4,4,4,2,3,2,3,2,Easily Distracted
2,3,2,3,4,2,2,2,4,4,3,4,Easily Distracted
1,4,1,2,3,4,4,2,4,3,2,3,Easily Distracted
3,4,1,1,1,2,4,1,3,1,3,4,Consistent Learner
2,2,3,3,4,3,4,3,3,1,2,4,Last-Minute Learner
3,2,4,4,1,4,2,2,2,3,3,2,Needs Time Management
2,3,4,4,2,2,2,2,3,3,3,3,Needs Time Management
2,2,3,3,2,3,2,2,3,4,2,1,Needs Time Management
3,3,1,1,1,2,3,1,1,1,2,4,Consistent Learner
3,3,2,2,2,1,1,2,1,4,4,4,Consistent Learner
1,4,2,4,3,4,4,3,3,4,2,3,Easily Distracted
2,4,2,1,1,2,1,1,2,1,2,2,Consistent Learner
1,2,1,3,4,4,3,1,1,3,4,2,Easily Distracted
3,2,2,2,2,3,2,1,1,2,3,2,Consistent Learner
3,3,4,3,3,2,3,4,2,3,3,1,Needs Time Management
3,2,4,4,2,2,3,3,1,3,2,2,Needs Time Management
3,4,3,4,2,2,2,4,4,3,4,3,Needs Time Management
2,3,1,1,4,3,3,3,2,3,2,3,Easily Distracted
3,3,3,4,4,4,2,1,2,2,4,3,Needs Time Management
1,2,2,3,4,4,4,2,2,2,2,4,Easily Distracted
3,3,3,1,1,3,3,2,3,4,3,3,Needs Time Management
2,3,3,4,3,3,2,2,3,4,2,2,Easily Distracted
1,3,3,3,3,1,3,4,3,4,3,3,Last-Minute Learner
2,2,3,4,3,3,2,1,3,2,2,4,Easily Distracted
3,4,2,1,2,2,1,1,1,3,3,1,Consistent Learner
3,3,2,2,1,3,2,2,1,2,4,1,Consistent Learner
2,2,3,3,2,4,2,4,3,3,2,2,Needs Time Management
2,3,1,2,2,4,4,1,3,2,4,4,Easily Distracted
3,4,2,2,2,1,1,1,2,1,3,2,Consistent Learner
2,3,4,3,3,3,3,2,4,2,1,3,Needs Time Management
1,2,1,2,3,2,4,3,2,4,2,3,Easily Distracted
2,3,2,3,3,3,3,4,2,3,3,3,Needs Time Management
1,2,2,3,3,4,4,3,3,4,1,3,Easily Distracted
3,4,1,4,1,1,1,1,2,3,3,4,Consistent Learner
4,3,2,1,2,1,2,1,2,2,3,2,Consistent Learner
2,3,2,3,3,2,1,2,3,4,2,3,Easily Distracted
2,3,2,3,4,2,3,1,2,2,2,2,Needs Time Management
2,3,2,3,4,3,3,2,4,3,2,2,Easily Distracted
2,2,4,4,1,3,2,3,4,3,2,2,Needs Time Management
4,3,1,1,1,4,2,1,1,2,3,1,Consistent Learner
2,3,4,4,3,2,4,3,4,4,2,3,Last-Minute Learner
3,3,3,3,3,2,3,2,4,4,3,3,Easily Distracted
1,4,2,2,4,4,4,1,4,3,1,4,Easily Distracted
3,3,3,4,3,4,3,4,4,2,3,3,Needs Time Management
2,3,1,3,4,3,3,4,3,3,2,3,Easily Distracted
3,3,3,4,3,3,3,3,3,2,2,2,Needs Time Management
3,3,1,2,1,1,2,1,3,1,3,3,Consistent Learner
2,2,3,4,4,4,3,4,1,2,3,2,Last-Minute Learner
2,3,1,2,2,1,2,3,2,1,4,2,Consistent Learner
1,1,3,4,2,3,2,4,3,4,4,1,Last-Minute Learner
2,1,4,3,1,2,2,4,3,4,2,1,Needs Time Management
